1,フシギダネ,Bulbasaur,45,49,49,65,65,45,318,くさ
2,フシギソウ,Ivysaur,60,62,63,80,80,60,405,くさ
3,フシギバナ,Venusaur,80,82,83,100,100,80,525,くさ
4,メガフシギバナ,Mega Venusaur,80,100,123,122,120,80,625,くさ
5,ヒトカゲ,Charmander,39,52,43,60,50,65,309,ほのお
6,リザード,Charmeleon,58,64,58,80,65,80,405,ほのお
7,リザードン,Charizard,78,84,78,109,85,100,534,ほのお
8,メガリザードンX,Mega Charizard X,78,130,111,130,85,100,634,ほのお
9,メガリザードンY,Mega Charizard Y,78,104,78,159,115,100,634,ほのお
10,ゼニガメ,Squirtle,44,48,65,50,64,43,314,みず
11,カメール,Wartortle,59,63,80,65,80,58,405,みず
12,カメックス,Blastoise,79,83,100,85,105,78,530,みず
13,メガカメックス,Mega Blastoise,79,103,120,135,115,78,630,みず
14,キャタピー,Caterpie,45,30,35,20,20,45,195,むし
15,トランセル,Metapod,50,20,55,25,25,30,205,むし
16,バタフリー,Butterfree,60,45,50,90,80,70,395,むし
17,ビードル,Weedle,40,35,30,20,20,50,195,むし
18,コクーン,Kakuna,45,25,50,25,25,35,205,むし
19,スピアー,Beedrill,65,90,40,45,80,75,395,むし
20,メガスピアー,Mega Beedrill,65,150,40,15,80,145,495,むし
21,ポッポ,Pidgey,40,45,40,35,35,56,251,ノーマル
22,ピジョン,Pidgeotto,63,60,55,50,50,71,349,ノーマル
23,ピジョット,Pidgeot,83,80,75,70,70,101,479,ノーマル
24,メガピジョット,Mega Pidgeot,83,80,80,135,80,121,579,ノーマル
25,コラッタ,Rattata,30,56,35,25,35,72,253,ノーマル
26,ラッタ,Raticate,55,81,60,50,70,97,413,ノーマル
27,オニスズメ,Spearow,40,60,30,31,31,70,262,ノーマル
28,オニドリル,Fearow,65,90,65,61,61,100,442,ノーマル
29,アーボ,Ekans,35,60,44,40,54,55,288,どく
30,アーボック,Arbok,60,85,69,65,79,80,438,どく
31,ピカチュウ,Pikachu,35,55,40,50,50,90,320,でんき
32,ライチュウ,Raichu,60,90,55,90,80,110,485,でんき
33,サンド,Sandshrew,50,75,85,20,30,40,300,じめん
34,サンドパン,Sandslash,75,100,110,45,55,65,450,じめん
35,ニドラン♀,Nidoran♀,55,47,52,40,40,41,275,どく
36,ニドリーナ,Nidorina,70,62,67,55,55,56,365,どく
37,ニドクイン,Nidoqueen,90,92,87,75,85,76,505,どく
38,ニドラン♂,Nidoran♂,46,57,40,40,40,50,273,どく
39,ニドリーノ,Nidorino,61,72,57,55,55,65,365,どく
40,ニドキング,Nidoking,81,102,77,85,75,85,505,どく
41,ピッピ,Clefairy,70,45,48,60,65,35,323,フェアリー
42,ピクシー,Clefable,95,70,73,95,90,60,483,フェアリー
43,ロコン,Vulpix,38,41,40,50,65,65,299,ほのお
44,キュウコン,Ninetales,73,76,75,81,100,100,505,ほのお
45,プリン,Jigglypuff,115,45,20,45,25,20,270,ノーマル
46,プクリン,Wigglytuff,140,70,45,85,50,45,435,ノーマル
47,ズバット,Zubat,40,45,35,30,40,55,245,どく
48,ゴルバット,Golbat,75,80,70,65,75,90,455,どく
49,ナゾノクサ,Oddish,45,50,55,75,65,30,320,くさ
50,クサイハナ,Gloom,60,65,70,85,75,40,395,くさ
51,ラフレシア,Vileplume,75,80,85,110,90,50,490,くさ
52,パラス,Paras,35,70,55,45,55,25,285,むし
53,パラセクト,Parasect,60,95,80,60,80,30,405,むし
54,コンパン,Venonat,60,55,50,40,55,45,305,むし
55,モルフォン,Venomoth,70,65,60,90,75,90,450,むし
56,ディグダ,Diglett,10,55,25,35,45,95,265,じめん
57,ダグトリオ,Dugtrio,35,80,50,50,70,120,405,じめん
58,ニャース,Meowth,40,45,35,40,40,90,290,ノーマル
59,ペルシアン,Persian,65,70,60,65,65,115,440,ノーマル
60,コダック,Psyduck,50,52,48,65,50,55,320,みず
61,ゴルダック,Golduck,80,82,78,95,80,85,500,みず
62,マンキー,Mankey,40,80,35,35,45,70,305,かくとう
63,オコリザル,Primeape,65,105,60,60,70,95,455,かくとう
64,ガーディ,Growlithe,55,70,45,70,50,60,350,ほのお
65,ウインディ,Arcanine,90,110,80,100,80,95,555,ほのお
66,ニョロモ,Poliwag,40,50,40,40,40,90,300,みず
67,ニョロゾ,Poliwhirl,65,65,65,50,50,90,385,みず
68,ニョロボン,Poliwrath,90,95,95,70,90,70,510,みず
69,ケーシィ,Abra,25,20,15,105,55,90,310,エスパー
70,ユンゲラー,Kadabra,40,35,30,120,70,105,400,エスパー
71,フーディン,Alakazam,55,50,45,135,95,120,500,エスパー
72,メガフーディン,Mega Alakazam,55,50,65,175,95,150,590,エスパー
73,ワンリキー,Machop,70,80,50,35,35,35,305,かくとう
74,ゴーリキー,Machoke,80,100,70,50,60,45,405,かくとう
75,カイリキー,Machamp,90,130,80,65,85,55,505,かくとう
76,マダツボミ,Bellsprout,50,75,35,70,30,40,300,くさ
77,ウツドン,Weepinbell,65,90,50,85,45,55,390,くさ
78,ウツボット,Victreebel,80,105,65,100,70,70,490,くさ
79,メノクラゲ,Tentacool,40,40,35,50,100,70,335,みず
80,ドククラゲ,Tentacruel,80,70,65,80,120,100,515,みず
81,イシツブテ,Geodude,40,80,100,30,30,20,300,いわ
82,ゴローン,Graveler,55,95,115,45,45,35,390,いわ
83,ゴローニャ,Golem,80,120,130,55,65,45,495,いわ
84,ポニータ,Ponyta,50,85,55,65,65,90,410,ほのお
85,ギャロップ,Rapidash,65,100,70,80,80,105,500,ほのお
86,ヤドン,Slowpoke,90,65,65,40,40,15,315,みず
87,ヤドラン,Slowbro,95,75,110,100,80,30,490,みず
88,メガヤドラン,Mega Slowbro,95,75,180,130,80,30,590,みず
89,コイル,Magnemite,25,35,70,95,55,45,325,でんき
90,レアコイル,Magneton,50,60,95,120,70,70,465,でんき
91,カモネギ,Farfetch’d,52,65,55,58,62,60,352,ノーマル
92,ドードー,Doduo,35,85,45,35,35,75,310,ノーマル
93,ドードリオ,Dodrio,60,110,70,60,60,100,460,ノーマル
94,パウワウ,Seel,65,45,55,45,70,45,325,みず
95,ジュゴン,Dewgong,90,70,80,70,95,70,475,みず
96,ベトベター,Grimer,80,80,50,40,50,25,325,どく
97,ベトベトン,Muk,105,105,75,65,100,50,500,どく
98,シェルダー,Shellder,30,65,100,45,25,40,305,みず
99,パルシェン,Cloyster,50,95,180,85,45,70,525,みず
100,ゴース,Gastly,30,35,30,100,35,80,310,ゴースト
101,ゴースト,Haunter,45,50,45,115,55,95,405,ゴースト
102,ゲンガー,Gengar,60,65,60,130,75,110,500,ゴースト
103,メガゲンガー,Mega Gengar,60,65,80,170,95,130,600,ゴースト
104,イワーク,Onix,35,45,160,30,45,70,385,いわ
105,スリープ,Drowzee,60,48,45,43,90,42,328,エスパー
106,スリーパー,Hypno,85,73,70,73,115,67,483,エスパー
107,クラブ,Krabby,30,105,90,25,25,50,325,みず
108,キングラー,Kingler,55,130,115,50,50,75,475,みず
109,ビリリダマ,Voltorb,40,30,50,55,55,100,330,でんき
110,マルマイン,Electrode,60,50,70,80,80,140,480,でんき
111,タマタマ,Exeggcute,60,40,80,60,45,40,325,くさ
112,ナッシー,Exeggutor,95,95,85,125,65,55,520,くさ
113,カラカラ,Cubone,50,50,95,40,50,35,320,じめん
114,ガラガラ,Marowak,60,80,110,50,80,45,425,じめん
115,サワムラー,Hitmonlee,50,120,53,35,110,87,455,かくとう
116,エビワラー,Hitmonchan,50,105,79,35,110,76,455,かくとう
117,ベロリンガ,Lickitung,90,55,75,60,75,30,385,ノーマル
118,ドガース,Koffing,40,65,95,60,45,35,340,どく
119,マタドガス,Weezing,65,90,120,85,70,60,490,どく
120,サイホーン,Rhyhorn,80,85,95,30,30,25,345,じめん
121,サイドン,Rhydon,105,130,120,45,45,40,485,じめん
122,ラッキー,Chansey,250,5,5,35,105,50,450,ノーマル
123,モンジャラ,Tangela,65,55,115,100,40,60,435,くさ
124,ガルーラ,Kangaskhan,105,95,80,40,80,90,490,ノーマル
125,メガガルーラ,Mega Kangaskhan,105,125,100,60,100,100,590,ノーマル
126,タッツー,Horsea,30,40,70,70,25,60,295,みず
127,シードラ,Seadra,55,65,95,95,45,85,440,みず
128,トサキント,Goldeen,45,67,60,35,50,63,320,みず
129,アズマオウ,Seaking,80,92,65,65,80,68,450,みず
130,ヒトデマン,Staryu,30,45,55,70,55,85,340,みず
131,スターミー,Starmie,60,75,85,100,85,115,520,みず
132,バリヤード,Mr. Mime,40,45,65,100,120,90,460,エスパー
133,ストライク,Scyther,70,110,80,55,80,105,500,むし
134,ルージュラ,Jynx,65,50,35,115,95,95,455,こおり
135,エレブー,Electabuzz,65,83,57,95,85,105,490,でんき
136,ブーバー,Magmar,65,95,57,100,85,93,495,ほのお
137,カイロス,Pinsir,65,125,100,55,70,85,500,むし
138,メガカイロス,Mega Pinsir,65,155,120,65,90,105,600,むし
139,ケンタロス,Tauros,75,100,95,40,70,110,490,ノーマル
140,コイキング,Magikarp,20,10,55,15,20,80,200,みず
141,ギャラドス,Gyarados,95,125,79,60,100,81,540,みず
142,メガギャラドス,Mega Gyarados,95,155,109,70,130,81,640,みず
143,ラプラス,Lapras,130,85,80,85,95,60,535,みず
144,メタモン,Ditto,48,48,48,48,48,48,288,ノーマル
145,イーブイ,Eevee,55,55,50,45,65,55,325,ノーマル
146,シャワーズ,Vaporeon,130,65,60,110,95,65,525,みず
147,サンダース,Jolteon,65,65,60,110,95,130,525,でんき
148,ブースター,Flareon,65,130,60,95,110,65,525,ほのお
149,ポリゴン,Porygon,65,60,70,85,75,40,395,ノーマル
150,オムナイト,Omanyte,35,40,100,90,55,35,355,いわ
151,オムスター,Omastar,70,60,125,115,70,55,495,いわ
152,カブト,Kabuto,30,80,90,55,45,55,355,いわ
153,カブトプス,Kabutops,60,115,105,65,70,80,495,いわ
154,プテラ,Aerodactyl,80,105,65,60,75,130,515,いわ
155,メガプテラ,Mega Aerodactyl,80,135,85,70,95,150,615,いわ
156,カビゴン,Snorlax,160,110,65,65,110,30,540,ノーマル
157,フリーザー,Articuno,90,85,100,95,125,85,580,こおり
158,サンダー,Zapdos,90,90,85,125,90,100,580,でんき
159,ファイヤー,Moltres,90,100,90,125,85,90,580,ほのお
160,ミニリュウ,Dratini,41,64,45,50,50,50,300,ドラゴン
161,ハクリュー,Dragonair,61,84,65,70,70,70,420,ドラゴン
162,カイリュー,Dragonite,91,134,95,100,100,80,600,ドラゴン
163,ミュウツー,Mewtwo,106,110,90,154,90,130,680,エスパー
164,メガミュウツーX,Mega Mewtwo X,106,190,100,154,100,130,780,エスパー
165,メガミュウツーY,Mega Mewtwo Y,106,150,70,194,120,140,780,エスパー
166,ミュウ,Mew,100,100,100,100,100,100,600,エスパー
167,チコリータ,Chikorita,45,49,65,49,65,45,318,くさ
168,ベイリーフ,Bayleef,60,62,80,63,80,60,405,くさ
169,メガニウム,Meganium,80,82,100,83,100,80,525,くさ
170,ヒノアラシ,Cyndaquil,39,52,43,60,50,65,309,ほのお
171,マグマラシ,Quilava,58,64,58,80,65,80,405,ほのお
172,バクフーン,Typhlosion,78,84,78,109,85,100,534,ほのお
173,ワニノコ,Totodile,50,65,64,44,48,43,314,みず
174,アリゲイツ,Croconaw,65,80,80,59,63,58,405,みず
175,オーダイル,Feraligatr,85,105,100,79,83,78,530,みず
176,オタチ,Sentret,35,46,34,35,45,20,215,ノーマル
177,オオタチ,Furret,85,76,64,45,55,90,415,ノーマル
178,ホーホー,Hoothoot,60,30,30,36,56,50,262,ノーマル
179,ヨルノズク,Noctowl,100,50,50,76,96,70,442,ノーマル
180,レディバ,Ledyba,40,20,30,40,80,55,265,むし
181,レディアン,Ledian,55,35,50,55,110,85,390,むし
182,イトマル,Spinarak,40,60,40,40,40,30,250,むし
183,アリアドス,Ariados,70,90,70,60,60,40,390,むし
184,クロバット,Crobat,85,90,80,70,80,130,535,どく
185,チョンチー,Chinchou,75,38,38,56,56,67,330,みず
186,ランターン,Lanturn,125,58,58,76,76,67,460,みず
187,ピチュー,Pichu,20,40,15,35,35,60,205,でんき
188,ピィ,Cleffa,50,25,28,45,55,15,218,フェアリー
189,ププリン,Igglybuff,90,30,15,40,20,15,210,ノーマル
190,トゲピー,Togepi,35,20,65,40,65,20,245,フェアリー
191,トゲチック,Togetic,55,40,85,80,105,40,405,フェアリー
192,ネイティ,Natu,40,50,45,70,45,70,320,エスパー
193,ネイティオ,Xatu,65,75,70,95,70,95,470,エスパー
194,メリープ,Mareep,55,40,40,65,45,35,280,でんき
195,モココ,Flaaffy,70,55,55,80,60,45,365,でんき
196,デンリュウ,Ampharos,90,75,85,115,90,55,510,でんき
197,メガデンリュウ,Mega Ampharos,90,95,105,165,110,45,610,でんき
198,キレイハナ,Bellossom,75,80,95,90,100,50,490,くさ
199,マリル,Marill,70,20,50,20,50,40,250,みず
200,マリルリ,Azumarill,100,50,80,60,80,50,420,みず
201,ウソッキー,Sudowoodo,70,100,115,30,65,30,410,いわ
202,ニョロトノ,Politoed,90,75,75,90,100,70,500,みず
203,ハネッコ,Hoppip,35,35,40,35,55,50,250,くさ
204,ポポッコ,Skiploom,55,45,50,45,65,80,340,くさ
205,ワタッコ,Jumpluff,75,55,70,55,95,110,460,くさ
206,エイパム,Aipom,55,70,55,40,55,85,360,ノーマル
207,ヒマナッツ,Sunkern,30,30,30,30,30,30,180,くさ
208,キマワリ,Sunflora,75,75,55,105,85,30,425,くさ
209,ヤンヤンマ,Yanma,65,65,45,75,45,95,390,むし
210,ウパー,Wooper,55,45,45,25,25,15,210,みず
211,ヌオー,Quagsire,95,85,85,65,65,35,430,みず
212,エーフィ,Espeon,65,65,60,130,95,110,525,エスパー
213,ブラッキー,Umbreon,95,65,110,60,130,65,525,あく
214,ヤミカラス,Murkrow,60,85,42,85,42,91,405,あく
215,ヤドキング,Slowking,95,75,80,100,110,30,490,みず
216,ムウマ,Misdreavus,60,60,60,85,85,85,435,ゴースト
217,アンノーン,Unown,48,72,48,72,48,48,336,エスパー
218,ソーナンス,Wobbuffet,190,33,58,33,58,33,405,エスパー
219,キリンリキ,Girafarig,70,80,65,90,65,85,455,ノーマル
220,クヌギダマ,Pineco,50,65,90,35,35,15,290,むし
221,フォレトス,Forretress,75,90,140,60,60,40,465,むし
222,ノコッチ,Dunsparce,100,70,70,65,65,45,415,ノーマル
223,グライガー,Gligar,65,75,105,35,65,85,430,じめん
224,ハガネール,Steelix,75,85,200,55,65,30,510,はがね
225,メガハガネール,Mega Steelix,75,125,230,55,95,30,610,はがね
226,ブルー,Snubbull,60,80,50,40,40,30,300,フェアリー
227,グランブル,Granbull,90,120,75,60,60,45,450,フェアリー
228,ハリーセン,Qwilfish,65,95,75,55,55,85,430,みず
229,ハッサム,Scizor,70,130,100,55,80,65,500,むし
230,メガハッサム,Mega Scizor,70,150,140,65,100,75,600,むし
231,ツボツボ,Shuckle,20,10,230,10,230,5,505,むし
232,ヘラクロス,Heracross,80,125,75,40,95,85,500,むし
233,メガヘラクロス,Mega Heracross,80,185,115,40,105,75,600,むし
234,ニューラ,Sneasel,55,95,55,35,75,115,430,あく
235,ヒメグマ,Teddiursa,60,80,50,50,50,40,330,ノーマル
236,リングマ,Ursaring,90,130,75,75,75,55,500,ノーマル
237,マグマッグ,Slugma,40,40,40,70,40,20,250,ほのお
238,マグカルゴ,Magcargo,50,50,120,80,80,30,410,ほのお
239,ウリムー,Swinub,50,50,40,30,30,50,250,こおり
240,イノムー,Piloswine,100,100,80,60,60,50,450,こおり
241,サニーゴ,Corsola,55,55,85,65,85,35,380,みず
242,テッポウオ,Remoraid,35,65,35,65,35,65,300,みず
243,オクタン,Octillery,75,105,75,105,75,45,480,みず
244,デリバード,Delibird,45,55,45,65,45,75,330,こおり
245,マンタイン,Mantine,65,40,70,80,140,70,465,みず
246,エアームド,Skarmory,65,80,140,40,70,70,465,はがね
247,デルビル,Houndour,45,60,30,80,50,65,330,あく
248,ヘルガー,Houndoom,75,90,50,110,80,95,500,あく
249,メガヘルガー,Mega Houndoom,75,90,90,140,90,115,600,あく
250,キングドラ,Kingdra,75,95,95,95,95,85,540,みず
251,ゴマゾウ,Phanpy,90,60,60,40,40,40,330,じめん
252,ドンファン,Donphan,90,120,120,60,60,50,500,じめん
253,ポリゴン２,Porygon2,85,80,90,105,95,60,515,ノーマル
254,オドシシ,Stantler,73,95,62,85,65,85,465,ノーマル
255,ドーブル,Smeargle,55,20,35,20,45,75,250,ノーマル
256,バルキー,Tyrogue,35,35,35,35,35,35,210,かくとう
257,カポエラー,Hitmontop,50,95,95,35,110,70,455,かくとう
258,ムチュール,Smoochum,45,30,15,85,65,65,305,こおり
259,エレキッド,Elekid,45,63,37,65,55,95,360,でんき
260,ブビィ,Magby,45,75,37,70,55,83,365,ほのお
261,ミルタンク,Miltank,95,80,105,40,70,100,490,ノーマル
262,ハピナス,Blissey,255,10,10,75,135,55,540,ノーマル
263,ライコウ,Raikou,90,85,75,115,100,115,580,でんき
264,エンテイ,Entei,115,115,85,90,75,100,580,ほのお
265,スイクン,Suicune,100,75,115,90,115,85,580,みず
266,ヨーギラス,Larvitar,50,64,50,45,50,41,300,いわ
267,サナギラス,Pupitar,70,84,70,65,70,51,410,いわ
268,バンギラス,Tyranitar,100,134,110,95,100,61,600,いわ
269,メガバンギラス,Mega Tyranitar,100,164,150,95,120,71,700,いわ
270,ルギア,Lugia,106,90,130,90,154,110,680,エスパー
271,ホウオウ,Ho-Oh,106,130,90,110,154,90,680,ほのお
272,セレビィ,Celebi,100,100,100,100,100,100,600,エスパー
273,キモリ,Treecko,40,45,35,65,55,70,310,くさ
274,ジュプトル,Grovyle,50,65,45,85,65,95,405,くさ
275,ジュカイン,Sceptile,70,85,65,105,85,120,530,くさ
276,メガジュカイン,Mega Sceptile,70,110,75,145,85,145,630,くさ
277,アチャモ,Torchic,45,60,40,70,50,45,310,ほのお
278,ワカシャモ,Combusken,60,85,60,85,60,55,405,ほのお
279,バシャーモ,Blaziken,80,120,70,110,70,80,530,ほのお
280,メガバシャーモ,Mega Blaziken,80,160,80,130,80,100,630,ほのお
281,ミズゴロウ,Mudkip,50,70,50,50,50,40,310,みず
282,ヌマクロー,Marshtomp,70,85,70,60,70,50,405,みず
283,ラグラージ,Swampert,100,110,90,85,90,60,535,みず
284,メガラグラージ,Mega Swampert,100,150,110,95,110,70,635,みず
285,ポチエナ,Poochyena,35,55,35,30,30,35,220,あく
286,グラエナ,Mightyena,70,90,70,60,60,70,420,あく
287,ジグザグマ,Zigzagoon,38,30,41,30,41,60,240,ノーマル
288,マッスグマ,Linoone,78,70,61,50,61,100,420,ノーマル
289,ケムッソ,Wurmple,45,45,35,20,30,20,195,むし
290,カラサリス,Silcoon,50,35,55,25,25,15,205,むし
291,アゲハント,Beautifly,60,70,50,100,50,65,395,むし
292,マユルド,Cascoon,50,35,55,25,25,15,205,むし
293,ドクケイル,Dustox,60,50,70,50,90,65,385,むし
294,ハスボー,Lotad,40,30,30,40,50,30,220,みず
295,ハスブレロ,Lombre,60,50,50,60,70,50,340,みず
296,ルンパッパ,Ludicolo,80,70,70,90,100,70,480,みず
297,タネボー,Seedot,40,40,50,30,30,30,220,くさ
298,コノハナ,Nuzleaf,70,70,40,60,40,60,340,くさ
299,ダーテング,Shiftry,90,100,60,90,60,80,480,くさ
300,スバメ,Taillow,40,55,30,30,30,85,270,ノーマル
301,オオスバメ,Swellow,60,85,60,50,50,125,430,ノーマル
302,キャモメ,Wingull,40,30,30,55,30,85,270,みず
303,ペリッパー,Pelipper,60,50,100,85,70,65,430,みず
304,ラルトス,Ralts,28,25,25,45,35,40,198,エスパー
305,キルリア,Kirlia,38,35,35,65,55,50,278,エスパー
306,サーナイト,Gardevoir,68,65,65,125,115,80,518,エスパー
307,メガサーナイト,Mega Gardevoir,68,85,65,165,135,100,618,エスパー
308,アメタマ,Surskit,40,30,32,50,52,65,269,むし
309,アメモース,Masquerain,70,60,62,80,82,60,414,むし
310,キノココ,Shroomish,60,40,60,40,60,35,295,くさ
311,キノガッサ,Breloom,60,130,80,60,60,70,460,くさ
312,ナマケロ,Slakoth,60,60,60,35,35,30,280,ノーマル
313,ヤルキモノ,Vigoroth,80,80,80,55,55,90,440,ノーマル
314,ケッキング,Slaking,150,160,100,95,65,100,670,ノーマル
315,ツチニン,Nincada,31,45,90,30,30,40,266,むし
316,テッカニン,Ninjask,61,90,45,50,50,160,456,むし
317,ヌケニン,Shedinja,1,90,45,30,30,40,236,むし
318,ゴニョニョ,Whismur,64,51,23,51,23,28,240,ノーマル
319,ドゴーム,Loudred,84,71,43,71,43,48,360,ノーマル
320,バクオング,Exploud,104,91,63,91,73,68,490,ノーマル
321,マクノシタ,Makuhita,72,60,30,20,30,25,237,かくとう
322,ハリテヤマ,Hariyama,144,120,60,40,60,50,474,かくとう
323,ルリリ,Azurill,50,20,40,20,40,20,190,ノーマル
324,ノズパス,Nosepass,30,45,135,45,90,30,375,いわ
325,エネコ,Skitty,50,45,45,35,35,50,260,ノーマル
326,エネコロロ,Delcatty,70,65,65,55,55,70,380,ノーマル
327,ヤミラミ,Sableye,50,75,75,65,65,50,380,あく
328,メガヤミラミ,Mega Sableye,50,85,125,85,115,20,480,あく
329,クチート,Mawile,50,85,85,55,55,50,380,はがね
330,メガクチート,Mega Mawile,50,105,125,55,95,50,480,はがね
331,ココドラ,Aron,50,70,100,40,40,30,330,はがね
332,コドラ,Lairon,60,90,140,50,50,40,430,はがね
333,ボスゴドラ,Aggron,70,110,180,60,60,50,530,はがね
334,メガボスゴドラ,Mega Aggron,70,140,230,60,80,50,630,はがね
335,アサナン,Meditite,30,40,55,40,55,60,280,かくとう
336,チャーレム,Medicham,60,60,75,60,75,80,410,かくとう
337,メガチャーレム,Mega Medicham,60,100,85,80,85,100,510,かくとう
338,ラクライ,Electrike,40,45,40,65,40,65,295,でんき
339,ライボルト,Manectric,70,75,60,105,60,105,475,でんき
340,メガライボルト,Mega Manectric,70,75,80,135,80,135,575,でんき
341,プラスル,Plusle,60,50,40,85,75,95,405,でんき
342,マイナン,Minun,60,40,50,75,85,95,405,でんき
343,バルビート,Volbeat,65,73,55,47,75,85,400,むし
344,イルミーゼ,Illumise,65,47,55,73,75,85,400,むし
345,ロゼリア,Roselia,50,60,45,100,80,65,400,くさ
346,ゴクリン,Gulpin,70,43,53,43,53,40,302,どく
347,マルノーム,Swalot,100,73,83,73,83,55,467,どく
348,キバニア,Carvanha,45,90,20,65,20,65,305,みず
349,サメハダー,Sharpedo,70,120,40,95,40,95,460,みず
350,メガサメハダー,Mega Sharpedo,70,140,70,110,65,105,560,みず
351,ホエルコ,Wailmer,130,70,35,70,35,60,400,みず
352,ホエルオー,Wailord,170,90,45,90,45,60,500,みず
353,ドンメル,Numel,60,60,40,65,45,35,305,ほのお
354,バクーダ,Camerupt,70,100,70,105,75,40,460,ほのお
355,メガバクーダ,Mega Camerupt,70,120,100,145,105,20,560,ほのお
356,コータス,Torkoal,70,85,140,85,70,20,470,ほのお
357,バネブー,Spoink,60,25,35,70,80,60,330,エスパー
358,ブーピッグ,Grumpig,80,45,65,90,110,80,470,エスパー
359,パッチール,Spinda,60,60,60,60,60,60,360,ノーマル
360,ナックラー,Trapinch,45,100,45,45,45,10,290,じめん
361,ビブラーバ,Vibrava,50,70,50,50,50,70,340,じめん
362,フライゴン,Flygon,80,100,80,80,80,100,520,じめん
363,サボネア,Cacnea,50,85,40,85,40,35,335,くさ
364,ノクタス,Cacturne,70,115,60,115,60,55,475,くさ
365,チルット,Swablu,45,40,60,40,75,50,310,ノーマル
366,チルタリス,Altaria,75,70,90,70,105,80,490,ドラゴン
367,メガチルタリス,Mega Altaria,75,110,110,110,105,80,590,ドラゴン
368,ザングース,Zangoose,73,115,60,60,60,90,458,ノーマル
369,ハブネーク,Seviper,73,100,60,100,60,65,458,どく
370,ルナトーン,Lunatone,70,55,65,95,85,70,440,いわ
371,ソルロック,Solrock,70,95,85,55,65,70,440,いわ
372,ドジョッチ,Barboach,50,48,43,46,41,60,288,みず
373,ナマズン,Whiscash,110,78,73,76,71,60,468,みず
374,ヘイガニ,Corphish,43,80,65,50,35,35,308,みず
375,シザリガー,Crawdaunt,63,120,85,90,55,55,468,みず
376,ヤジロン,Baltoy,40,40,55,40,70,55,300,じめん
377,ネンドール,Claydol,60,70,105,70,120,75,500,じめん
378,リリーラ,Lileep,66,41,77,61,87,23,355,いわ
379,ユレイドル,Cradily,86,81,97,81,107,43,495,いわ
380,アノプス,Anorith,45,95,50,40,50,75,355,いわ
381,アーマルド,Armaldo,75,125,100,70,80,45,495,いわ
382,ヒンバス,Feebas,20,15,20,10,55,80,200,みず
383,ミロカロス,Milotic,95,60,79,100,125,81,540,みず
384,ポワルン,Castform,70,70,70,70,70,70,420,ノーマル
385,カクレオン,Kecleon,60,90,70,60,120,40,440,ノーマル
386,カゲボウズ,Shuppet,44,75,35,63,33,45,295,ゴースト
387,ジュペッタ,Banette,64,115,65,83,63,65,455,ゴースト
388,メガジュペッタ,Mega Banette,64,165,75,93,83,75,555,ゴースト
389,ヨマワル,Duskull,20,40,90,30,90,25,295,ゴースト
390,サマヨール,Dusclops,40,70,130,60,130,25,455,ゴースト
391,トロピウス,Tropius,99,68,83,72,87,51,460,くさ
392,チリーン,Chimecho,65,50,70,95,80,65,425,エスパー
393,アブソル,Absol,65,130,60,75,60,75,465,あく
394,メガアブソル,Mega Absol,65,150,60,115,60,115,565,あく
395,ソーナノ,Wynaut,95,23,48,23,48,23,260,エスパー
396,ユキワラシ,Snorunt,50,50,50,50,50,50,300,こおり
397,オニゴーリ,Glalie,80,80,80,80,80,80,480,こおり
398,メガオニゴーリ,Mega Glalie,80,120,80,120,80,100,580,こおり
399,タマザラシ,Spheal,70,40,50,55,50,25,290,こおり
400,トドグラー,Sealeo,90,60,70,75,70,45,410,こおり
401,トドゼルガ,Walrein,110,80,90,95,90,65,530,こおり
402,パールル,Clamperl,35,64,85,74,55,32,345,みず
403,ハンテール,Huntail,55,104,105,94,75,52,485,みず
404,サクラビス,Gorebyss,55,84,105,114,75,52,485,みず
405,ジーランス,Relicanth,100,90,130,45,65,55,485,みず
406,ラブカス,Luvdisc,43,30,55,40,65,97,330,みず
407,タツベイ,Bagon,45,75,60,40,30,50,300,ドラゴン
408,コモルー,Shelgon,65,95,100,60,50,50,420,ドラゴン
409,ボーマンダ,Salamence,95,135,80,110,80,100,600,ドラゴン
410,メガボーマンダ,Mega Salamence,95,145,130,120,90,120,700,ドラゴン
411,ダンバル,Beldum,40,55,80,35,60,30,300,はがね
412,メタング,Metang,60,75,100,55,80,50,420,はがね
413,メタグロス,Metagross,80,135,130,95,90,70,600,はがね
414,メガメタグロス,Mega Metagross,80,145,150,105,110,110,700,はがね
415,レジロック,Regirock,80,100,200,50,100,50,580,いわ
416,レジアイス,Regice,80,50,100,100,200,50,580,こおり
417,レジスチル,Registeel,80,75,150,75,150,50,580,はがね
418,ラティアス,Latias,80,80,90,110,130,110,600,ドラゴン
419,メガラティアス,Mega Latias,80,100,120,140,150,110,700,ドラゴン
420,ラティオス,Latios,80,90,80,130,110,110,600,ドラゴン
421,メガラティオス,Mega Latios,80,130,100,160,120,110,700,ドラゴン
422,カイオーガ,Kyogre,100,100,90,150,140,90,670,みず
423,ゲンシカイオーガ,Primal Kyogre,100,150,90,180,160,90,770,みず
424,グラードン,Groudon,100,150,140,100,90,90,670,じめん
425,ゲンシグラードン,Primal Groudon,100,180,160,150,90,90,770,じめん
426,レックウザ,Rayquaza,105,150,90,150,90,95,680,ドラゴン
427,メガレックウザ,Mega Rayquaza,105,180,100,180,100,115,780,ドラゴン
428,ジラーチ,Jirachi,100,100,100,100,100,100,600,はがね
429,デオキシスN,Deoxys Normal,50,150,50,150,50,150,600,エスパー
430,デオキシスA,Deoxys Attack,50,180,20,180,20,150,600,エスパー
431,デオキシスD,Deoxys Defense,50,70,160,70,160,90,600,エスパー
432,デオキシスS,Deoxys Speed,50,95,90,95,90,180,600,エスパー
433,ナエトル,Turtwig,55,68,64,45,55,31,318,くさ
434,ハヤシガメ,Grotle,75,89,85,55,65,36,405,くさ
435,ドダイトス,Torterra,95,109,105,75,85,56,525,くさ
436,ヒコザル,Chimchar,44,58,44,58,44,61,309,ほのお
437,モウカザル,Monferno,64,78,52,78,52,81,405,ほのお
438,ゴウカザル,Infernape,76,104,71,104,71,108,534,ほのお
439,ポッチャマ,Piplup,53,51,53,61,56,40,314,みず
440,ポッタイシ,Prinplup,64,66,68,81,76,50,405,みず
441,エンペルト,Empoleon,84,86,88,111,101,60,530,みず
442,ムックル,Starly,40,55,30,30,30,60,245,ノーマル
443,ムクバード,Staravia,55,75,50,40,40,80,340,ノーマル
444,ムクホーク,Staraptor,85,120,70,50,60,100,485,ノーマル
445,ビッパ,Bidoof,59,45,40,35,40,31,250,ノーマル
446,ビーダル,Bibarel,79,85,60,55,60,71,410,ノーマル
447,コロボーシ,Kricketot,37,25,41,25,41,25,194,むし
448,コロトック,Kricketune,77,85,51,55,51,65,384,むし
449,コリンク,Shinx,45,65,34,40,34,45,263,でんき
450,ルクシオ,Luxio,60,85,49,60,49,60,363,でんき
451,レントラー,Luxray,80,120,79,95,79,70,523,でんき
452,スボミー,Budew,40,30,35,50,70,55,280,くさ
453,ロズレイド,Roserade,60,70,65,125,105,90,515,くさ
454,ズガイドス,Cranidos,67,125,40,30,30,58,350,いわ
455,ラムパルド,Rampardos,97,165,60,65,50,58,495,いわ
456,タテトプス,Shieldon,30,42,118,42,88,30,350,いわ
457,トリデプス,Bastiodon,60,52,168,47,138,30,495,いわ
458,ミノムッチ,Burmy,40,29,45,29,45,36,224,むし
459,ミノマダム草,Wormadam Plant,60,59,85,79,105,36,424,むし
460,ミノマダム地,Wormadam Sandy,60,79,105,59,85,36,424,むし
461,ミノマダム鋼,Wormadam Trash,60,69,95,69,95,36,424,むし
462,ガーメイル,Mothim,70,94,50,94,50,66,424,むし
463,ミツハニー,Combee,30,30,42,30,42,70,244,むし
464,ビークイン,Vespiquen,70,80,102,80,102,40,474,むし
465,パチリス,Pachirisu,60,45,70,45,90,95,405,でんき
466,ブイゼル,Buizel,55,65,35,60,30,85,330,みず
467,フローゼル,Floatzel,85,105,55,85,50,115,495,みず
468,チェリンボ,Cherubi,45,35,45,62,53,35,275,くさ
469,チェリム,Cherrim,70,60,70,87,78,85,450,くさ
470,カラナクシ,Shellos,76,48,48,57,62,34,325,みず
471,トリトドン,Gastrodon,111,83,68,92,82,39,475,みず
472,エテボース,Ambipom,75,100,66,60,66,115,482,ノーマル
473,フワンテ,Drifloon,90,50,34,60,44,70,348,ゴースト
474,フワライド,Drifblim,150,80,44,90,54,80,498,ゴースト
475,ミミロル,Buneary,55,66,44,44,56,85,350,ノーマル
476,ミミロップ,Lopunny,65,76,84,54,96,105,480,ノーマル
477,メガミミロップ,Mega Lopunny,65,136,94,54,96,135,580,ノーマル
478,ムウマージ,Mismagius,60,60,60,105,105,105,495,ゴースト
479,ドンカラス,Honchkrow,100,125,52,105,52,71,505,あく
480,ニャルマー,Glameow,49,55,42,42,37,85,310,ノーマル
481,ブニャット,Purugly,71,82,64,64,59,112,452,ノーマル
482,リーシャン,Chingling,45,30,50,65,50,45,285,エスパー
483,スカンプー,Stunky,63,63,47,41,41,74,329,どく
484,スカタンク,Skuntank,103,93,67,71,61,84,479,どく
485,ドーミラー,Bronzor,57,24,86,24,86,23,300,はがね
486,ドータクン,Bronzong,67,89,116,79,116,33,500,はがね
487,ウソハチ,Bonsly,50,80,95,10,45,10,290,いわ
488,マネネ,Mime Jr.,20,25,45,70,90,60,310,エスパー
489,ピンプク,Happiny,100,5,5,15,65,30,220,ノーマル
490,ペラップ,Chatot,76,65,45,92,42,91,411,ノーマル
491,ミカルゲ,Spiritomb,50,92,108,92,108,35,485,ゴースト
492,フカマル,Gible,58,70,45,40,45,42,300,ドラゴン
493,ガバイト,Gabite,68,90,65,50,55,82,410,ドラゴン
494,ガブリアス,Garchomp,108,130,95,80,85,102,600,ドラゴン
495,メガガブリアス,Mega Garchomp,108,170,115,120,95,92,700,ドラゴン
496,ゴンベ,Munchlax,135,85,40,40,85,5,390,ノーマル
497,リオル,Riolu,40,70,40,35,40,60,285,かくとう
498,ルカリオ,Lucario,70,110,70,115,70,90,525,かくとう
499,メガルカリオ,Mega Lucario,70,145,88,140,70,112,625,かくとう
500,ヒポポタス,Hippopotas,68,72,78,38,42,32,330,じめん
501,カバルドン,Hippowdon,108,112,118,68,72,47,525,じめん
502,スコルピ,Skorupi,40,50,90,30,55,65,330,どく
503,ドラピオン,Drapion,70,90,110,60,75,95,500,どく
504,グレッグル,Croagunk,48,61,40,61,40,50,300,どく
505,ドクロッグ,Toxicroak,83,106,65,86,65,85,490,どく
506,マスキッパ,Carnivine,74,100,72,90,72,46,454,くさ
507,ケイコウオ,Finneon,49,49,56,49,61,66,330,みず
508,ネオラント,Lumineon,69,69,76,69,86,91,460,みず
509,タマンタ,Mantyke,45,20,50,60,120,50,345,みず
510,ユキカブリ,Snover,60,62,50,62,60,40,334,くさ
511,ユキノオー,Abomasnow,90,92,75,92,85,60,494,くさ
512,メガユキノオー,Mega Abomasnow,90,132,105,132,105,30,594,くさ
513,マニューラ,Weavile,70,120,65,45,85,125,510,あく
514,ジバコイル,Magnezone,70,70,115,130,90,60,535,でんき
515,ベロベルト,Lickilicky,110,85,95,80,95,50,515,ノーマル
516,ドサイドン,Rhyperior,115,140,130,55,55,40,535,じめん
517,モジャンボ,Tangrowth,100,100,125,110,50,50,535,くさ
518,エレキブル,Electivire,75,123,67,95,85,95,540,でんき
519,ブーバーン,Magmortar,75,95,67,125,95,83,540,ほのお
520,トゲキッス,Togekiss,85,50,95,120,115,80,545,フェアリー
521,メガヤンマ,Yanmega,86,76,86,116,56,95,515,むし
522,リーフィア,Leafeon,65,110,130,60,65,95,525,くさ
523,グレイシア,Glaceon,65,60,110,130,95,65,525,こおり
524,グライオン,Gliscor,75,95,125,45,75,95,510,じめん
525,マンムー,Mamoswine,110,130,80,70,60,80,530,こおり
526,ポリゴンＺ,Porygon-Z,85,80,70,135,75,90,535,ノーマル
527,エルレイド,Gallade,68,125,65,65,115,80,518,エスパー
528,メガエルレイド,Mega Gallade,68,165,95,65,115,110,618,エスパー
529,ダイノーズ,Probopass,60,55,145,75,150,40,525,いわ
530,ヨノワール,Dusknoir,45,100,135,65,135,45,525,ゴースト
531,ユキメノコ,Froslass,70,80,70,80,70,110,480,こおり
532,ロトム,Rotom,50,50,77,95,77,91,440,でんき
533,ロトム炎,Heat Rotom,50,65,107,105,107,86,520,でんき
534,ロトム水,Wash Rotom,50,65,107,105,107,86,520,でんき
535,ロトム氷,Frost Rotom,50,65,107,105,107,86,520,でんき
536,ロトム飛,Fan Rotom,50,65,107,105,107,86,520,でんき
537,ロトム草,Mow Rotom,50,65,107,105,107,86,520,でんき
538,ユクシー,Uxie,75,75,130,75,130,95,580,エスパー
539,エムリット,Mesprit,80,105,105,105,105,80,580,エスパー
540,アグノム,Azelf,75,125,70,125,70,115,580,エスパー
541,ディアルガ,Dialga,100,120,120,150,100,90,680,はがね
542,パルキア,Palkia,90,120,100,150,120,100,680,みず
543,ヒードラン,Heatran,91,90,106,130,106,77,600,ほのお
544,レジギガス,Regigigas,110,160,110,80,110,100,670,ノーマル
545,ギラティナA,Giratina Altered,150,100,120,100,120,90,680,ゴースト
546,ギラティナO,Giratina Origin,150,120,100,120,100,90,680,ゴースト
547,クレセリア,Cresselia,120,70,120,75,130,85,600,エスパー
548,フィオネ,Phione,80,80,80,80,80,80,480,みず
549,マナフィ,Manaphy,100,100,100,100,100,100,600,みず
550,ダークライ,Darkrai,70,90,90,135,90,125,600,あく
551,シェイミL,Shaymin Land,100,100,100,100,100,100,600,くさ
552,シェイミS,Shaymin Sky,100,103,75,120,75,127,600,くさ
553,アルセウス,Arceus,120,120,120,120,120,120,720,ノーマル
554,ビクティニ,Victini,100,100,100,100,100,100,600,エスパー
555,ツタージャ,Snivy,45,45,55,45,55,63,308,くさ
556,ジャノビー,Servine,60,60,75,60,75,83,413,くさ
557,ジャローダ,Serperior,75,75,95,75,95,113,528,くさ
558,ポカブ,Tepig,65,63,45,45,45,45,308,ほのお
559,チャオブー,Pignite,90,93,55,70,55,55,418,ほのお
560,エンブオー,Emboar,110,123,65,100,65,65,528,ほのお
561,ミジュマル,Oshawott,55,55,45,63,45,45,308,みず
562,フタチマル,Dewott,75,75,60,83,60,60,413,みず
563,ダイケンキ,Samurott,95,100,85,108,70,70,528,みず
564,ミネズミ,Patrat,45,55,39,35,39,42,255,ノーマル
565,ミルホッグ,Watchog,60,85,69,60,69,77,420,ノーマル
566,ヨーテリー,Lillipup,45,60,45,25,45,55,275,ノーマル
567,ハーデリア,Herdier,65,80,65,35,65,60,370,ノーマル
568,ムーランド,Stoutland,85,110,90,45,90,80,500,ノーマル
569,チョロネコ,Purrloin,41,50,37,50,37,66,281,あく
570,レパルダス,Liepard,64,88,50,88,50,106,446,あく
571,ヤナップ,Pansage,50,53,48,53,48,64,316,くさ
572,ヤナッキー,Simisage,75,98,63,98,63,101,498,くさ
573,バオップ,Pansear,50,53,48,53,48,64,316,ほのお
574,バオッキー,Simisear,75,98,63,98,63,101,498,ほのお
575,ヒヤップ,Panpour,50,53,48,53,48,64,316,みず
576,ヒヤッキー,Simipour,75,98,63,98,63,101,498,みず
577,ムンナ,Munna,76,25,45,67,55,24,292,エスパー
578,ムシャーナ,Musharna,116,55,85,107,95,29,487,エスパー
579,マメパト,Pidove,50,55,50,36,30,43,264,ノーマル
580,ハトーボー,Tranquill,62,77,62,50,42,65,358,ノーマル
581,ケンホロウ,Unfezant,80,115,80,65,55,93,488,ノーマル
582,シママ,Blitzle,45,60,32,50,32,76,295,でんき
583,ゼブライカ,Zebstrika,75,100,63,80,63,116,497,でんき
584,ダンゴロ,Roggenrola,55,75,85,25,25,15,280,いわ
585,ガントル,Boldore,70,105,105,50,40,20,390,いわ
586,ギガイアス,Gigalith,85,135,130,60,80,25,515,いわ
587,コロモリ,Woobat,55,45,43,55,43,72,313,エスパー
588,ココロモリ,Swoobat,67,57,55,77,55,114,425,エスパー
589,モグリュー,Drilbur,60,85,40,30,45,68,328,じめん
590,ドリュウズ,Excadrill,110,135,60,50,65,88,508,じめん
591,タブンネ,Audino,103,60,86,60,86,50,445,ノーマル
592,メガタブンネ,Mega Audino,103,60,126,80,126,50,545,ノーマル
593,ドッコラー,Timburr,75,80,55,25,35,35,305,かくとう
594,ドテッコツ,Gurdurr,85,105,85,40,50,40,405,かくとう
595,ローブシン,Conkeldurr,105,140,95,55,65,45,505,かくとう
596,オタマロ,Tympole,50,50,40,50,40,64,294,みず
597,ガマガル,Palpitoad,75,65,55,65,55,69,384,みず
598,ガマゲロゲ,Seismitoad,105,95,75,85,75,74,509,みず
599,ナゲキ,Throh,120,100,85,30,85,45,465,かくとう
600,ダゲキ,Sawk,75,125,75,30,75,85,465,かくとう
601,クルミル,Sewaddle,45,53,70,40,60,42,310,むし
602,クルマユ,Swadloon,55,63,90,50,80,42,380,むし
603,ハハコモリ,Leavanny,75,103,80,70,80,92,500,むし
604,フシデ,Venipede,30,45,59,30,39,57,260,むし
605,ホイーガ,Whirlipede,40,55,99,40,79,47,360,むし
606,ペンドラー,Scolipede,60,100,89,55,69,112,485,むし
607,モンメン,Cottonee,40,27,60,37,50,66,280,くさ
608,エルフーン,Whimsicott,60,67,85,77,75,116,480,くさ
609,チュリネ,Petilil,45,35,50,70,50,30,280,くさ
610,ドレディア,Lilligant,70,60,75,110,75,90,480,くさ
611,バスラオ赤,Basculin Red,70,92,65,80,55,98,460,みず
612,バスラオ青,Basculin Blue,70,92,65,80,55,98,460,みず
613,メグロコ,Sandile,50,72,35,35,35,65,292,じめん
614,ワルビル,Krokorok,60,82,45,45,45,74,351,じめん
615,ワルビアル,Krookodile,95,117,80,65,70,92,519,じめん
616,ダルマッカ,Darumaka,70,90,45,15,45,50,315,ほのお
617,ヒヒダルマN,Darmanitan Std,105,140,55,30,55,95,480,ほのお
618,ヒヒダルマD,Darmanitan Zen,105,30,105,140,105,55,540,ほのお
619,マラカッチ,Maractus,75,86,67,106,67,60,461,くさ
620,イシズマイ,Dwebble,50,65,85,35,35,55,325,むし
621,イワパレス,Crustle,70,95,125,65,75,45,475,むし
622,ズルッグ,Scraggy,50,75,70,35,70,48,348,あく
623,ズルズキン,Scrafty,65,90,115,45,115,58,488,あく
624,シンボラー,Sigilyph,72,58,80,103,80,97,490,エスパー
625,デスマス,Yamask,38,30,85,55,65,30,303,ゴースト
626,デスカーン,Cofagrigus,58,50,145,95,105,30,483,ゴースト
627,プロトーガ,Tirtouga,54,78,103,53,45,22,355,みず
628,アバゴーラ,Carracosta,74,108,133,83,65,32,495,みず
629,アーケン,Archen,55,112,45,74,45,70,401,いわ
630,アーケオス,Archeops,75,140,65,112,65,110,567,いわ
631,ヤブクロン,Trubbish,50,50,62,40,62,65,329,どく
632,ダストダス,Garbodor,80,95,82,60,82,75,474,どく
633,ゾロア,Zorua,40,65,40,80,40,65,330,あく
634,ゾロアーク,Zoroark,60,105,60,120,60,105,510,あく
635,チラーミィ,Minccino,55,50,40,40,40,75,300,ノーマル
636,チラチーノ,Cinccino,75,95,60,65,60,115,470,ノーマル
637,ゴチム,Gothita,45,30,50,55,65,45,290,エスパー
638,ゴチミル,Gothorita,60,45,70,75,85,55,390,エスパー
639,ゴチルゼル,Gothitelle,70,55,95,95,110,65,490,エスパー
640,ユニラン,Solosis,45,30,40,105,50,20,290,エスパー
641,ダブラン,Duosion,65,40,50,125,60,30,370,エスパー
642,ランクルス,Reuniclus,110,65,75,125,85,30,490,エスパー
643,コアルヒー,Ducklett,62,44,50,44,50,55,305,みず
644,スワンナ,Swanna,75,87,63,87,63,98,473,みず
645,バニプッチ,Vanillite,36,50,50,65,60,44,305,こおり
646,バニリッチ,Vanillish,51,65,65,80,75,59,395,こおり
647,バイバニラ,Vanilluxe,71,95,85,110,95,79,535,こおり
648,シキジカ,Deerling,60,60,50,40,50,75,335,ノーマル
649,メブキジカ,Sawsbuck,80,100,70,60,70,95,475,ノーマル
650,エモンガ,Emolga,55,75,60,75,60,103,428,でんき
651,カブルモ,Karrablast,50,75,45,40,45,60,315,むし
652,シュバルゴ,Escavalier,70,135,105,60,105,20,495,むし
653,タマゲタケ,Foongus,69,55,45,55,55,15,294,くさ
654,モロバレル,Amoonguss,114,85,70,85,80,30,464,くさ
655,プルリル,Frillish,55,40,50,65,85,40,335,みず
656,ブルンゲル,Jellicent,100,60,70,85,105,60,480,みず
657,ママンボウ,Alomomola,165,75,80,40,45,65,470,みず
658,バチュル,Joltik,50,47,50,57,50,65,319,むし
659,デンチュラ,Galvantula,70,77,60,97,60,108,472,むし
660,テッシード,Ferroseed,44,50,91,24,86,10,305,くさ
661,ナットレイ,Ferrothorn,74,94,131,54,116,20,489,くさ
662,ギアル,Klink,40,55,70,45,60,30,300,はがね
663,ギギアル,Klang,60,80,95,70,85,50,440,はがね
664,ギギギアル,Klinklang,60,100,115,70,85,90,520,はがね
665,シビシラス,Tynamo,35,55,40,45,40,60,275,でんき
666,シビビール,Eelektrik,65,85,70,75,70,40,405,でんき
667,シビルドン,Eelektross,85,115,80,105,80,50,515,でんき
668,リグレー,Elgyem,55,55,55,85,55,30,335,エスパー
669,オーベム,Beheeyem,75,75,75,125,95,40,485,エスパー
670,ヒトモシ,Litwick,50,30,55,65,55,20,275,ゴースト
671,ランプラー,Lampent,60,40,60,95,60,55,370,ゴースト
672,シャンデラ,Chandelure,60,55,90,145,90,80,520,ゴースト
673,キバゴ,Axew,46,87,60,30,40,57,320,ドラゴン
674,オノンド,Fraxure,66,117,70,40,50,67,410,ドラゴン
675,オノノクス,Haxorus,76,147,90,60,70,97,540,ドラゴン
676,クマシュン,Cubchoo,55,70,40,60,40,40,305,こおり
677,ツンベアー,Beartic,95,110,80,70,80,50,485,こおり
678,フリージオ,Cryogonal,70,50,30,95,135,105,485,こおり
679,チョボマキ,Shelmet,50,40,85,40,65,25,305,むし
680,アギルダー,Accelgor,80,70,40,100,60,145,495,むし
681,マッギョ,Stunfisk,109,66,84,81,99,32,471,じめん
682,コジョフー,Mienfoo,45,85,50,55,50,65,350,かくとう
683,コジョンド,Mienshao,65,125,60,95,60,105,510,かくとう
684,クリムガン,Druddigon,77,120,90,60,90,48,485,ドラゴン
685,ゴビット,Golett,59,74,50,35,50,35,303,じめん
686,ゴルーグ,Golurk,89,124,80,55,80,55,483,じめん
687,コマタナ,Pawniard,45,85,70,40,40,60,340,あく
688,キリキザン,Bisharp,65,125,100,60,70,70,490,あく
689,バッフロン,Bouffalant,95,110,95,40,95,55,490,ノーマル
690,ワシボン,Rufflet,70,83,50,37,50,60,350,ノーマル
691,ウォーグル,Braviary,100,123,75,57,75,80,510,ノーマル
692,バルチャイ,Vullaby,70,55,75,45,65,60,370,あく
693,バルジーナ,Mandibuzz,110,65,105,55,95,80,510,あく
694,クイタラン,Heatmor,85,97,66,105,66,65,484,ほのお
695,アイアント,Durant,58,109,112,48,48,109,484,むし
696,モノズ,Deino,52,65,50,45,50,38,300,あく
697,ジヘッド,Zweilous,72,85,70,65,70,58,420,あく
698,サザンドラ,Hydreigon,92,105,90,125,90,98,600,あく
699,メラルバ,Larvesta,55,85,55,50,55,60,360,むし
700,ウルガモス,Volcarona,85,60,65,135,105,100,550,むし
701,コバルオン,Cobalion,91,90,129,90,72,108,580,はがね
702,テラキオン,Terrakion,91,129,90,72,90,108,580,いわ
703,ビリジオン,Virizion,91,90,72,90,129,108,580,くさ
704,トルネロス化身,Tornadus I,79,115,70,125,80,111,580,ひこう
705,トルネロス霊獣,Tornadus T,79,100,80,110,90,121,580,ひこう
706,ボルトロス化身,Thundurus I,79,115,70,125,80,111,580,でんき
707,ボルトロス霊獣,Thundurus T,79,105,70,145,80,101,580,でんき
708,レシラム,Reshiram,100,120,100,150,120,90,680,ドラゴン
709,ゼクロム,Zekrom,100,150,120,120,100,90,680,ドラゴン
710,ランドロス化身,Landorus I,89,125,90,115,80,101,600,じめん
711,ランドロス霊獣,Landorus T,89,145,90,105,80,91,600,じめん
712,キュレム,Kyurem,125,130,90,130,90,95,660,ドラゴン
713,ブラックキュレム,Black Kyurem,125,170,100,120,90,95,700,ドラゴン
714,ホワイトキュレム,White Kyurem,125,120,90,170,100,95,700,ドラゴン
715,ケルディオ,Keldeo Ordinary,91,72,90,129,90,108,580,みず
716,ケルディオ覚悟,Keldeo Resolute,91,72,90,129,90,108,580,みず
717,メロエッタＶ,Meloetta A,100,77,77,128,128,90,600,ノーマル
718,メロエッタＳ,Meloetta P,100,128,90,77,77,128,600,ノーマル
719,ゲノセクト,Genesect,71,120,95,120,95,99,600,むし
720,ハリマロン,Chespin,56,61,65,48,45,38,313,くさ
721,ハリボーグ,Quilladin,61,78,95,56,58,57,405,くさ
722,ブリガロン,Chesnaught,88,107,122,74,75,64,530,くさ
723,フォッコ,Fennekin,40,45,40,62,60,60,307,ほのお
724,テールナー,Braixen,59,59,58,90,70,73,409,ほのお
725,マフォクシー,Delphox,75,69,72,114,100,104,534,ほのお
726,ケロマツ,Froakie,41,56,40,62,44,71,314,みず
727,ゲコガシラ,Frogadier,54,63,52,83,56,97,405,みず
728,ゲッコウガ,Greninja,72,95,67,103,71,122,530,みず
729,ホルビー,Bunnelby,38,36,38,32,36,57,237,ノーマル
730,ホルード,Diggersby,85,56,77,50,77,78,423,ノーマル
731,ヤヤコマ,Fletchling,45,50,43,40,38,62,278,ノーマル
732,ヒノヤコマ,Fletchinder,62,73,55,56,52,84,382,ほのお
733,ファイアロー,Talonflame,78,81,71,74,69,126,499,ほのお
734,コフキムシ,Scatterbug,38,35,40,27,25,35,200,むし
735,コフーライ,Spewpa,45,22,60,27,30,29,213,むし
736,ビビヨン,Vivillon,80,52,50,90,50,89,411,むし
737,シシコ,Litleo,62,50,58,73,54,72,369,ほのお
738,カエンジシ,Pyroar,86,68,72,109,66,106,507,ほのお
739,フラベベ,Flabebe,44,38,39,61,79,42,303,フェアリー
740,フラエッテ,Floette,54,45,47,75,98,52,371,フェアリー
741,フラエッテＡＺ,Floette-E,74,65,67,125,128,92,551,フェアリー
742,フラージェス,Florges,78,65,68,112,154,75,552,フェアリー
743,メェークル,Skiddo,66,65,48,62,57,52,350,くさ
744,ゴーゴート,Gogoat,123,100,62,97,81,68,531,くさ
745,ヤンチャム,Pancham,67,82,62,46,48,43,348,かくとう
746,ゴロンダ,Pangoro,95,124,78,69,71,58,495,かくとう
747,トリミアン,Furfrou,75,80,60,65,90,102,472,ノーマル
748,ニャスパー,Espurr,62,48,54,63,60,68,355,エスパー
749,ニャオニクス♂,Meowstic,74,48,76,83,81,104,466,エスパー
750,ニャオニクス♀,Meowstic,74,48,76,83,81,104,466,エスパー
751,ヒトツキ,Honedge,45,80,100,35,37,28,325,はがね
752,ニダンギル,Doublade,59,110,150,45,49,35,448,はがね
753,ギルガルド盾,Aegislash Shield,60,50,150,50,150,60,520,はがね
754,ギルガルド剣,Aegislash Blade,60,150,50,150,50,60,520,はがね
755,シュシュプ,Spritzee,78,52,60,63,65,23,341,フェアリー
756,フレフワン,Aromatisse,101,72,72,99,89,29,462,フェアリー
757,ペロッパフ,Swirlix,62,48,66,59,57,49,341,フェアリー
758,ペロリーム,Slurpuff,82,80,86,85,75,72,480,フェアリー
759,マーイーカ,Inkay,53,54,53,37,46,45,288,あく
760,カラマネロ,Malamar,86,92,88,68,75,73,482,あく
761,カメテテ,Binacle,42,52,67,39,56,50,306,いわ
762,ガメノデス,Barbaracle,72,105,115,54,86,68,500,いわ
763,クズモー,Skrelp,50,60,60,60,60,30,320,どく
764,ドラミドロ,Dragalge,65,75,90,97,123,44,494,どく
765,ウデッポウ,Clauncher,50,53,62,58,63,44,330,みず
766,ブロスター,Clawitzer,71,73,88,120,89,59,500,みず
767,エリキテル,Helioptile,44,38,33,61,43,70,289,でんき
768,エレザード,Heliolisk,62,55,52,109,94,109,481,でんき
769,チゴラス,Tyrunt,58,89,77,45,45,48,362,いわ
770,ガチゴラス,Tyrantrum,82,121,119,69,59,71,521,いわ
771,アマルス,Amaura,77,59,50,67,63,46,362,いわ
772,アマルルガ,Aurorus,123,77,72,99,92,58,521,いわ
773,ニンフィア,Sylveon,95,65,65,110,130,60,525,フェアリー
774,ルチャブル,Hawlucha,78,92,75,74,63,118,500,かくとう
775,デデンネ,Dedenne,67,58,57,81,67,101,431,でんき
776,メレシー,Carbink,50,50,150,50,150,50,500,いわ
777,ヌメラ,Goomy,45,50,35,55,75,40,300,ドラゴン
778,ヌメイル,Sliggoo,68,75,53,83,113,60,452,ドラゴン
779,ヌメルゴン,Goodra,90,100,70,110,150,80,600,ドラゴン
780,クレッフィ,Klefki,57,80,91,80,87,75,470,はがね
781,ボクレー,Phantump,43,70,48,50,60,38,309,ゴースト
782,オーロット,Trevenant,85,110,76,65,82,56,474,ゴースト
783,バケッチャ,Pumpkaboo Avg,49,66,70,44,55,51,335,ゴースト
784,バケッチャ小,Pumpkaboo S,44,66,70,44,55,56,335,ゴースト
785,バケッチャ大,Pumpkaboo L,54,66,70,44,55,46,335,ゴースト
786,バケッチャ特大,Pumpkaboo Sp,59,66,70,44,55,41,335,ゴースト
787,パンプジン,Gourgeist Avg,65,90,122,58,75,84,494,ゴースト
788,パンプジン小,Gourgeist S,55,85,122,58,75,99,494,ゴースト
789,パンプジン大,Gourgeist L,75,95,122,58,75,69,494,ゴースト
790,パンプジン特大,Gourgeist Sp,85,100,122,58,75,54,494,ゴースト
791,カチコール,Bergmite,55,69,85,32,35,28,304,こおり
792,クレベース,Avalugg,95,117,184,44,46,28,514,こおり
793,オンバット,Noibat,40,30,35,45,40,55,245,ひこう
794,オンバーン,Noivern,85,70,80,97,80,123,535,ひこう
795,ゼルネアス,Xerneas,126,131,95,131,98,99,680,フェアリー
796,イベルタル,Yveltal,126,131,95,131,98,99,680,あく
797,ジガルデ,Zygarde,108,100,121,81,95,95,600,ドラゴン
798,ディアンシー,Diancie,50,100,150,100,150,50,600,いわ
799,メガディアンシー,Mega Diancie,50,160,110,160,110,110,700,いわ
800,フーパ(戒め),Hoopa Confined,80,110,60,150,130,70,600,エスパー
801,フーパ(解放),Hoopa Unbound,80,160,60,170,130,80,680,エスパー
802,ボルケニオン,Volcanion,80,110,120,130,90,70,600,ほのお
